epoch,steps,cosine_pearson,cosine_spearman
0.423728813559322,500,0.4920512075188731,0.4764059551116586
0.847457627118644,1000,0.5085884707040154,0.5024062801177525
1.271186440677966,1500,0.5712688389807977,0.5420067751270339
1.694915254237288,2000,0.5281887109008636,0.5074063426189244
2.1186440677966103,2500,0.6212562508309516,0.5320066501246902
2.542372881355932,3000,0.602870734595154,0.5192064901216901
2.9661016949152543,3500,0.6070011466692915,0.5250065626230495
