epoch,steps,cosine_pearson,cosine_spearman
0.423728813559322,500,0.29502020945982455,0.35600445008343923
0.847457627118644,1000,0.4398744618408452,0.43100538760101775
1.271186440677966,1500,0.3199963920020977,0.3592044900841893
1.694915254237288,2000,0.43152137826250814,0.42940536760064274
2.1186440677966103,2500,0.4703765238956986,0.4236052950992833
2.542372881355932,3000,0.4765481095603642,0.438605482602799
2.9661016949152543,3500,0.48400305408636624,0.4368054601023771
