{
  "mrr": 0.2725993963670736,
  "recall@5": 0.3686440677966102,
  "recall@10": 0.4788135593220339,
  "recall@20": 0.6377118644067796,
  "recall@50": 0.6377118644067796,
  "precision@10": 0.04788135593220338,
  "precision@20": 0.03188559322033898,
  "ndcg@10": 0.3126562642695729,
  "ndcg@20": 0.3533102167931621
}