epoch,steps,cosine_pearson,cosine_spearman
1.0,1180,0.32879304156524636,0.38800485009093943
2.0,2360,0.41064803148613765,0.41140514259642397
3.0,3540,0.4843864683836592,0.4374054676025177
