epoch,steps,cosine_pearson,cosine_spearman
1.0,1180,0.5457110089089702,0.5306066326243619
2.0,2360,0.5392326178451657,0.517606470121315
3.0,3540,0.6074167623360907,0.5248065601230025
